seed	numsteps	FI	F_Direct	F_Lanczos	F_Rotate_K	F_Prediag_1K	F_Prediag_2K	F_Rotate_T	F_Prediag_1T	F_Prediag_2T	n	m	pulseseed	T	ν	Ω	W	σν	σΩ	σW	deviceseed	ω	δ	g	σC	σω	σδ	σg
0	1	0.02740462751759709	0.014744064331757012	0.014744064331757234	0.014744064331757567	0.014872168367472516	0.014745498079246966	0.014744064331757567	0.014872168367472516	0.014745498079247188	6	2	14522083055399744269	10.0	5.0	0.02	1	0.5555555555555556	true	nothing	9554663035758824981	5.0	0.3	0.02	nothing	0.5555555555555556	0.03333333333333333	0.0022222222222222222
1	1	0.03137195217055233	0.014420120117268453	0.014420120117268453	0.014420120117268342	0.014477804916851134	0.01442145245220594	0.014420120117268564	0.014477804916851134	0.014421452452205719	6	2	14522083055399744269	10.0	5.0	0.02	1	0.5555555555555556	true	nothing	9554663035758824981	5.0	0.3	0.02	nothing	0.5555555555555556	0.03333333333333333	0.0022222222222222222
2	1	0.03199081858071284	0.015558163548705428	0.015558163548705428	0.015558163548705317	0.015596591689154615	0.015560402306343035	0.015558163548705317	0.015596591689154615	0.015560402306343035	6	2	14522083055399744269	10.0	5.0	0.02	1	0.5555555555555556	true	nothing	9554663035758824981	5.0	0.3	0.02	nothing	0.5555555555555556	0.03333333333333333	0.0022222222222222222
3	1	0.02812687646914891	0.014093556087079073	0.014093556087079295	0.014093556087079406	0.014222514546171627	0.014095049213852517	0.014093556087079517	0.014222514546171405	0.01409504921385285	6	2	14522083055399744269	10.0	5.0	0.02	1	0.5555555555555556	true	nothing	9554663035758824981	5.0	0.3	0.02	nothing	0.5555555555555556	0.03333333333333333	0.0022222222222222222
4	1	0.034256706690381056	0.018699178630193436	0.018699178630193214	0.018699178630193103	0.018756255589362558	0.018701716529981427	0.018699178630193103	0.018756255589362558	0.01870171652998165	6	2	14522083055399744269	10.0	5.0	0.02	1	0.5555555555555556	true	nothing	9554663035758824981	5.0	0.3	0.02	nothing	0.5555555555555556	0.03333333333333333	0.0022222222222222222
5	1	0.030841508247599236	0.016402207823347226	0.016402207823347448	0.016402207823347115	0.016386965536316245	0.01640340464119394	0.016402207823347337	0.016386965536316245	0.01640340464119394	6	2	14522083055399744269	10.0	5.0	0.02	1	0.5555555555555556	true	nothing	9554663035758824981	5.0	0.3	0.02	nothing	0.5555555555555556	0.03333333333333333	0.0022222222222222222
6	1	0.026706860844592617	0.015618622575593988	0.015618622575593988	0.015618622575594321	0.01560758521903649	0.015620700899083295	0.015618622575594543	0.01560758521903638	0.015620700899083184	6	2	14522083055399744269	10.0	5.0	0.02	1	0.5555555555555556	true	nothing	9554663035758824981	5.0	0.3	0.02	nothing	0.5555555555555556	0.03333333333333333	0.0022222222222222222
7	1	0.03348462043258149	0.013257407217394435	0.013257407217394546	0.013257407217394657	0.013239303472613706	0.013258076865285684	0.013257407217394657	0.013239303472613484	0.013258076865285906	6	2	14522083055399744269	10.0	5.0	0.02	1	0.5555555555555556	true	nothing	9554663035758824981	5.0	0.3	0.02	nothing	0.5555555555555556	0.03333333333333333	0.0022222222222222222
8	1	0.025804868010766313	0.013775481726910455	0.013775481726910455	0.013775481726910899	0.013799138803840094	0.013776872100161874	0.013775481726910788	0.013799138803839872	0.013776872100161874	6	2	14522083055399744269	10.0	5.0	0.02	1	0.5555555555555556	true	nothing	9554663035758824981	5.0	0.3	0.02	nothing	0.5555555555555556	0.03333333333333333	0.0022222222222222222
9	1	0.03285359010982636	0.012429719980549647	0.012429719980549647	0.01242971998054998	0.012437529111373746	0.012428831331999568	0.012429719980549758	0.012437529111373524	0.012428831331999346	6	2	14522083055399744269	10.0	5.0	0.02	1	0.5555555555555556	true	nothing	9554663035758824981	5.0	0.3	0.02	nothing	0.5555555555555556	0.03333333333333333	0.0022222222222222222
0	2	0.02740462751759709	0.0006754999454964272	0.0006754999454962052	0.0006754999454965382	0.0006614243038381984	0.0006756364478067711	0.0006754999454965382	0.0006614243038381984	0.0006756364478065491	6	2	14522083055399744269	10.0	5.0	0.02	1	0.5555555555555556	true	nothing	9554663035758824981	5.0	0.3	0.02	nothing	0.5555555555555556	0.03333333333333333	0.0022222222222222222
1	2	0.03137195217055233	0.00068522757193068	0.0006852275719302359	0.0006852275719304579	0.0007182610510806375	0.0006853763171705829	0.0006852275719302359	0.0007182610510804155	0.0006853763171708049	6	2	14522083055399744269	10.0	5.0	0.02	1	0.5555555555555556	true	nothing	9554663035758824981	5.0	0.3	0.02	nothing	0.5555555555555556	0.03333333333333333	0.0022222222222222222
2	2	0.03199081858071284	0.0006333361941510685	0.0006333361941506244	0.0006333361941508464	0.0006577167470224188	0.0006335889556697838	0.0006333361941506244	0.0006577167470224188	0.0006335889556697838	6	2	14522083055399744269	10.0	5.0	0.02	1	0.5555555555555556	true	nothing	9554663035758824981	5.0	0.3	0.02	nothing	0.5555555555555556	0.03333333333333333	0.0022222222222222222
3	2	0.02812687646914891	0.0005934128616045253	0.0005934128616040812	0.0005934128616043033	0.0006232120810154562	0.0005935503052810764	0.0005934128616040812	0.0006232120810156783	0.0005935503052812985	6	2	14522083055399744269	10.0	5.0	0.02	1	0.5555555555555556	true	nothing	9554663035758824981	5.0	0.3	0.02	nothing	0.5555555555555556	0.03333333333333333	0.0022222222222222222
4	2	0.034256706690381056	0.0004902042532521911	0.0004902042532521911	0.0004902042532521911	0.0005103078091781565	0.0004903306246106798	0.0004902042532521911	0.0005103078091779345	0.0004903306246106798	6	2	14522083055399744269	10.0	5.0	0.02	1	0.5555555555555556	true	nothing	9554663035758824981	5.0	0.3	0.02	nothing	0.5555555555555556	0.03333333333333333	0.0022222222222222222
5	2	0.030841508247599236	0.0006838464278330347	0.0006838464278330347	0.0006838464278327017	0.0007208927626966011	0.0006847973355462722	0.0006838464278329237	0.0007208927626968231	0.0006847973355462722	6	2	14522083055399744269	10.0	5.0	0.02	1	0.5555555555555556	true	nothing	9554663035758824981	5.0	0.3	0.02	nothing	0.5555555555555556	0.03333333333333333	0.0022222222222222222
6	2	0.026706860844592617	0.0006191439659125608	0.0006191439659123388	0.0006191439659125608	0.0006482437012800268	0.000619060611403599	0.0006191439659127829	0.0006482437012800268	0.000619060611403599	6	2	14522083055399744269	10.0	5.0	0.02	1	0.5555555555555556	true	nothing	9554663035758824981	5.0	0.3	0.02	nothing	0.5555555555555556	0.03333333333333333	0.0022222222222222222
7	2	0.03348462043258149	0.0006754366653509702	0.0006754366653505262	0.0006754366653507482	0.0006786750986584877	0.0006757388724795144	0.0006754366653507482	0.0006786750986584877	0.0006757388724792923	6	2	14522083055399744269	10.0	5.0	0.02	1	0.5555555555555556	true	nothing	9554663035758824981	5.0	0.3	0.02	nothing	0.5555555555555556	0.03333333333333333	0.0022222222222222222
8	2	0.025804868010766313	0.0006594405227530187	0.0006594405227530187	0.0006594405227527966	0.0006738378866224526	0.0006596969695407129	0.0006594405227530187	0.0006738378866222305	0.0006596969695404908	6	2	14522083055399744269	10.0	5.0	0.02	1	0.5555555555555556	true	nothing	9554663035758824981	5.0	0.3	0.02	nothing	0.5555555555555556	0.03333333333333333	0.0022222222222222222
9	2	0.03285359010982636	0.0006503639118144999	0.0006503639118144999	0.0006503639118144999	0.0006714667111855643	0.0006508588164506612	0.0006503639118144999	0.0006714667111853423	0.0006508588164506612	6	2	14522083055399744269	10.0	5.0	0.02	1	0.5555555555555556	true	nothing	9554663035758824981	5.0	0.3	0.02	nothing	0.5555555555555556	0.03333333333333333	0.0022222222222222222
0	4	0.02740462751759709	3.2365915910270715e-5	3.236591591004867e-5	3.2365915910270715e-5	3.1582634338556126e-5	3.242243570145131e-5	3.236591591049276e-5	3.158263433877817e-5	3.242243570122927e-5	6	2	14522083055399744269	10.0	5.0	0.02	1	0.5555555555555556	true	nothing	9554663035758824981	5.0	0.3	0.02	nothing	0.5555555555555556	0.03333333333333333	0.0022222222222222222
1	4	0.03137195217055233	3.263380820284212e-5	3.263380820284212e-5	3.263380820284212e-5	3.551682417302082e-5	3.268532985811756e-5	3.2633808202620074e-5	3.551682417302082e-5	3.268532985789552e-5	6	2	14522083055399744269	10.0	5.0	0.02	1	0.5555555555555556	true	nothing	9554663035758824981	5.0	0.3	0.02	nothing	0.5555555555555556	0.03333333333333333	0.0022222222222222222
2	4	0.03199081858071284	2.9890917500940972e-5	2.9890917501163017e-5	2.9890917500718928e-5	3.0420006808973277e-5	2.9941907618180608e-5	2.9890917500940972e-5	3.0420006808751232e-5	2.9941907617958563e-5	6	2	14522083055399744269	10.0	5.0	0.02	1	0.5555555555555556	true	nothing	9554663035758824981	5.0	0.3	0.02	nothing	0.5555555555555556	0.03333333333333333	0.0022222222222222222
3	4	0.02812687646914891	2.9806715763358582e-5	2.980671576380267e-5	2.9806715763358582e-5	3.101370513169943e-5	2.985422752010969e-5	2.9806715763358582e-5	3.101370513169943e-5	2.985422752010969e-5	6	2	14522083055399744269	10.0	5.0	0.02	1	0.5555555555555556	true	nothing	9554663035758824981	5.0	0.3	0.02	nothing	0.5555555555555556	0.03333333333333333	0.0022222222222222222
4	4	0.034256706690381056	2.3923954014071214e-5	2.3923954014071214e-5	2.392395401384917e-5	2.516469858127035e-5	2.3968424766929175e-5	2.3923954013627124e-5	2.516469858127035e-5	2.3968424766929175e-5	6	2	14522083055399744269	10.0	5.0	0.02	1	0.5555555555555556	true	nothing	9554663035758824981	5.0	0.3	0.02	nothing	0.5555555555555556	0.03333333333333333	0.0022222222222222222
5	4	0.030841508247599236	3.1268681235152584e-5	3.1268681235152584e-5	3.126868123493054e-5	3.222836818783659e-5	3.1334314531061835e-5	3.126868123493054e-5	3.222836818761454e-5	3.1334314531061835e-5	6	2	14522083055399744269	10.0	5.0	0.02	1	0.5555555555555556	true	nothing	9554663035758824981	5.0	0.3	0.02	nothing	0.5555555555555556	0.03333333333333333	0.0022222222222222222
6	4	0.026706860844592617	2.8172101327883503e-5	2.8172101328105548e-5	2.817210132766146e-5	3.0121866331556113e-5	2.8202920968833922e-5	2.8172101328105548e-5	3.0121866331778158e-5	2.8202920968611878e-5	6	2	14522083055399744269	10.0	5.0	0.02	1	0.5555555555555556	true	nothing	9554663035758824981	5.0	0.3	0.02	nothing	0.5555555555555556	0.03333333333333333	0.0022222222222222222
7	4	0.03348462043258149	3.223529152651672e-5	3.223529152651672e-5	3.223529152673876e-5	3.596598403965423e-5	3.230580196711408e-5	3.223529152673876e-5	3.596598403965423e-5	3.230580196711408e-5	6	2	14522083055399744269	10.0	5.0	0.02	1	0.5555555555555556	true	nothing	9554663035758824981	5.0	0.3	0.02	nothing	0.5555555555555556	0.03333333333333333	0.0022222222222222222
8	4	0.025804868010766313	3.003425767067469e-5	3.0034257670452646e-5	3.003425767067469e-5	3.273230742140143e-5	3.009479753568467e-5	3.0034257670452646e-5	3.273230742140143e-5	3.0094797535462625e-5	6	2	14522083055399744269	10.0	5.0	0.02	1	0.5555555555555556	true	nothing	9554663035758824981	5.0	0.3	0.02	nothing	0.5555555555555556	0.03333333333333333	0.0022222222222222222
9	4	0.03285359010982636	3.205884106982637e-5	3.205884106938228e-5	3.205884106960433e-5	3.296197209390339e-5	3.213099333154723e-5	3.205884106938228e-5	3.296197209390339e-5	3.2130993331769275e-5	6	2	14522083055399744269	10.0	5.0	0.02	1	0.5555555555555556	true	nothing	9554663035758824981	5.0	0.3	0.02	nothing	0.5555555555555556	0.03333333333333333	0.0022222222222222222
0	8	0.02740462751759709	1.8912969175222116e-6	1.8912969177442562e-6	1.8912969175222116e-6	2.1629299857828244e-6	1.894816114011988e-6	1.891296917300167e-6	2.1629299857828244e-6	1.8948161142340325e-6	6	2	14522083055399744269	10.0	5.0	0.02	1	0.5555555555555556	true	nothing	9554663035758824981	5.0	0.3	0.02	nothing	0.5555555555555556	0.03333333333333333	0.0022222222222222222
1	8	0.03137195217055233	1.910258827342304e-6	1.910258827786393e-6	1.9102588275643484e-6	2.555131258574761e-6	1.9133324290487863e-6	1.9102588275643484e-6	2.5551312587968056e-6	1.9133324290487863e-6	6	2	14522083055399744269	10.0	5.0	0.02	1	0.5555555555555556	true	nothing	9554663035758824981	5.0	0.3	0.02	nothing	0.5555555555555556	0.03333333333333333	0.0022222222222222222
2	8	0.03199081858071284	1.7424495906137594e-6	1.742449590835804e-6	1.7424495906137594e-6	2.145785843343795e-6	1.745455765034265e-6	1.7424495906137594e-6	2.145785843343795e-6	1.7454557652563096e-6	6	2	14522083055399744269	10.0	5.0	0.02	1	0.5555555555555556	true	nothing	9554663035758824981	5.0	0.3	0.02	nothing	0.5555555555555556	0.03333333333333333	0.0022222222222222222
3	8	0.02812687646914891	1.7286082482081966e-6	1.7286082482081966e-6	1.7286082484302412e-6	2.138866488698987e-6	1.7316011192702874e-6	1.7286082484302412e-6	2.138866488698987e-6	1.7316011192702874e-6	6	2	14522083055399744269	10.0	5.0	0.02	1	0.5555555555555556	true	nothing	9554663035758824981	5.0	0.3	0.02	nothing	0.5555555555555556	0.03333333333333333	0.0022222222222222222
4	8	0.034256706690381056	1.3960889643227503e-6	1.3960889647668395e-6	1.3960889647668395e-6	1.8650512253470808e-6	1.3987413306493224e-6	1.3960889647668395e-6	1.8650512253470808e-6	1.3987413306493224e-6	6	2	14522083055399744269	10.0	5.0	0.02	1	0.5555555555555556	true	nothing	9554663035758824981	5.0	0.3	0.02	nothing	0.5555555555555556	0.03333333333333333	0.0022222222222222222
5	8	0.030841508247599236	1.8295025566716916e-6	1.8295025568937362e-6	1.8295025566716916e-6	2.187661495067772e-6	1.833349174140686e-6	1.8295025566716916e-6	2.1876614948457274e-6	1.833349174140686e-6	6	2	14522083055399744269	10.0	5.0	0.02	1	0.5555555555555556	true	nothing	9554663035758824981	5.0	0.3	0.02	nothing	0.5555555555555556	0.03333333333333333	0.0022222222222222222
6	8	0.026706860844592617	1.6516051378756558e-6	1.6516051378756558e-6	1.6516051380977004e-6	2.2083244808346336e-6	1.653498161502398e-6	1.651605138319745e-6	2.208324480612589e-6	1.653498161502398e-6	6	2	14522083055399744269	10.0	5.0	0.02	1	0.5555555555555556	true	nothing	9554663035758824981	5.0	0.3	0.02	nothing	0.5555555555555556	0.03333333333333333	0.0022222222222222222
7	8	0.03348462043258149	1.886683638763209e-6	1.886683638763209e-6	1.8866836385411645e-6	2.692651362545817e-6	1.8910097998592335e-6	1.8866836385411645e-6	2.692651362545817e-6	1.8910097998592335e-6	6	2	14522083055399744269	10.0	5.0	0.02	1	0.5555555555555556	true	nothing	9554663035758824981	5.0	0.3	0.02	nothing	0.5555555555555556	0.03333333333333333	0.0022222222222222222
8	8	0.025804868010766313	1.755210909948346e-6	1.7552109095042567e-6	1.7552109097263013e-6	2.434744768797792e-6	1.7588283905967117e-6	1.7552109092822121e-6	2.434744768797792e-6	1.7588283908187563e-6	6	2	14522083055399744269	10.0	5.0	0.02	1	0.5555555555555556	true	nothing	9554663035758824981	5.0	0.3	0.02	nothing	0.5555555555555556	0.03333333333333333	0.0022222222222222222
9	8	0.03285359010982636	1.866235246783532e-6	1.8662352470055765e-6	1.8662352470055765e-6	2.2266420036665124e-6	1.8704365605248796e-6	1.8662352470055765e-6	2.2266420036665124e-6	1.870436560302835e-6	6	2	14522083055399744269	10.0	5.0	0.02	1	0.5555555555555556	true	nothing	9554663035758824981	5.0	0.3	0.02	nothing	0.5555555555555556	0.03333333333333333	0.0022222222222222222
0	16	0.02740462751759709	1.1642496067221231e-7	1.1642496067221231e-7	1.1642496089425691e-7	2.3246267522036845e-7	1.1664039367698109e-7	1.1642496067221231e-7	2.3246267522036845e-7	1.1664039367698109e-7	6	2	14522083055399744269	10.0	5.0	0.02	1	0.5555555555555556	true	nothing	9554663035758824981	5.0	0.3	0.02	nothing	0.5555555555555556	0.03333333333333333	0.0022222222222222222
1	16	0.03137195217055233	1.1763331064784666e-7	1.1763331064784666e-7	1.1763331064784666e-7	2.680178872171979e-7	1.178196846751689e-7	1.1763331064784666e-7	2.680178872171979e-7	1.178196848972135e-7	6	2	14522083055399744269	10.0	5.0	0.02	1	0.5555555555555556	true	nothing	9554663035758824981	5.0	0.3	0.02	nothing	0.5555555555555556	0.03333333333333333	0.0022222222222222222
2	16	0.03199081858071284	1.072052806527779e-7	1.072052806527779e-7	1.072052808748225e-7	2.3447252828212584e-7	1.0738721478720237e-7	1.072052808748225e-7	2.3447252850417044e-7	1.0738721478720237e-7	6	2	14522083055399744269	10.0	5.0	0.02	1	0.5555555555555556	true	nothing	9554663035758824981	5.0	0.3	0.02	nothing	0.5555555555555556	0.03333333333333333	0.0022222222222222222
3	16	0.02812687646914891	1.0625411739351165e-7	1.0625411761555625e-7	1.0625411761555625e-7	2.25546115451003e-7	1.0643663173048878e-7	1.0625411761555625e-7	2.255461156730476e-7	1.0643663173048878e-7	6	2	14522083055399744269	10.0	5.0	0.02	1	0.5555555555555556	true	nothing	9554663035758824981	5.0	0.3	0.02	nothing	0.5555555555555556	0.03333333333333333	0.0022222222222222222
4	16	0.034256706690381056	8.59398318064919e-8	8.59398318064919e-8	8.59398318064919e-8	2.182146096041393e-7	8.609949897486757e-8	8.59398318064919e-8	2.182146096041393e-7	8.609949875282297e-8	6	2	14522083055399744269	10.0	5.0	0.02	1	0.5555555555555556	true	nothing	9554663035758824981	5.0	0.3	0.02	nothing	0.5555555555555556	0.03333333333333333	0.0022222222222222222
5	16	0.030841508247599236	1.1265061883314331e-7	1.1265061883314331e-7	1.1265061861109871e-7	2.204167688368841e-7	1.1287954837513325e-7	1.1265061861109871e-7	2.204167688368841e-7	1.1287954837513325e-7	6	2	14522083055399744269	10.0	5.0	0.02	1	0.5555555555555556	true	nothing	9554663035758824981	5.0	0.3	0.02	nothing	0.5555555555555556	0.03333333333333333	0.0022222222222222222
6	16	0.026706860844592617	1.0174649489602672e-7	1.0174649467398211e-7	1.0174649467398211e-7	2.413661679412371e-7	1.018630478855087e-7	1.0174649467398211e-7	2.413661679412371e-7	1.018630478855087e-7	6	2	14522083055399744269	10.0	5.0	0.02	1	0.5555555555555556	true	nothing	9554663035758824981	5.0	0.3	0.02	nothing	0.5555555555555556	0.03333333333333333	0.0022222222222222222
7	16	0.03348462043258149	1.1618797635115641e-7	1.1618797657320101e-7	1.1618797635115641e-7	2.9389950639835405e-7	1.1645308095609153e-7	1.1618797635115641e-7	2.9389950617630944e-7	1.1645308117813613e-7	6	2	14522083055399744269	10.0	5.0	0.02	1	0.5555555555555556	true	nothing	9554663035758824981	5.0	0.3	0.02	nothing	0.5555555555555556	0.03333333333333333	0.0022222222222222222
8	16	0.025804868010766313	1.0804283800958103e-7	1.0804283778753643e-7	1.0804283800958103e-7	2.664882251535161e-7	1.0826273111330664e-7	1.0804283800958103e-7	2.664882249314715e-7	1.0826273111330664e-7	6	2	14522083055399744269	10.0	5.0	0.02	1	0.5555555555555556	true	nothing	9554663035758824981	5.0	0.3	0.02	nothing	0.5555555555555556	0.03333333333333333	0.0022222222222222222
9	16	0.03285359010982636	1.1480552752907158e-7	1.1480552775111619e-7	1.1480552775111619e-7	2.2146568967595925e-7	1.1505952124402086e-7	1.1480552775111619e-7	2.2146568967595925e-7	1.1505952102197625e-7	6	2	14522083055399744269	10.0	5.0	0.02	1	0.5555555555555556	true	nothing	9554663035758824981	5.0	0.3	0.02	nothing	0.5555555555555556	0.03333333333333333	0.0022222222222222222
0	32	0.02740462751759709	7.249630229466675e-9	7.24963045151128e-9	7.249630229466675e-9	7.204054353060485e-9	7.256573897329588e-9	7.249630229466675e-9	7.20405413101588e-9	7.256573675284983e-9	6	2	14522083055399744269	10.0	5.0	0.02	1	0.5555555555555556	true	nothing	9554663035758824981	5.0	0.3	0.02	nothing	0.5555555555555556	0.03333333333333333	0.0022222222222222222
1	32	0.03137195217055233	7.3257027111139905e-9	7.3257027111139905e-9	7.3257027111139905e-9	7.380969835324436e-9	7.334236107325864e-9	7.3257027111139905e-9	7.380970057369041e-9	7.334236107325864e-9	6	2	14522083055399744269	10.0	5.0	0.02	1	0.5555555555555556	true	nothing	9554663035758824981	5.0	0.3	0.02	nothing	0.5555555555555556	0.03333333333333333	0.0022222222222222222
2	32	0.03199081858071284	6.674981567478255e-9	6.67498178952286e-9	6.674982011567465e-9	6.679854225311033e-9	6.683002595764265e-9	6.67498178952286e-9	6.6798546694002425e-9	6.68300281780887e-9	6	2	14522083055399744269	10.0	5.0	0.02	1	0.5555555555555556	true	nothing	9554663035758824981	5.0	0.3	0.02	nothing	0.5555555555555556	0.03333333333333333	0.0022222222222222222
3	32	0.02812687646914891	6.613964709245579e-9	6.613964487200974e-9	6.613964487200974e-9	6.678125274994784e-9	6.6211041094277334e-9	6.613964487200974e-9	6.678125274994784e-9	6.6211038873831285e-9	6	2	14522083055399744269	10.0	5.0	0.02	1	0.5555555555555556	true	nothing	9554663035758824981	5.0	0.3	0.02	nothing	0.5555555555555556	0.03333333333333333	0.0022222222222222222
4	32	0.034256706690381056	5.351664222885688e-9	5.351664222885688e-9	5.351664222885688e-9	5.362206012549109e-9	5.3598823157585684e-9	5.351664222885688e-9	5.362206456638319e-9	5.359882537803173e-9	6	2	14522083055399744269	10.0	5.0	0.02	1	0.5555555555555556	true	nothing	9554663035758824981	5.0	0.3	0.02	nothing	0.5555555555555556	0.03333333333333333	0.0022222222222222222
5	32	0.030841508247599236	7.015404368537759e-9	7.015404368537759e-9	7.015404368537759e-9	7.090558584721407e-9	7.024393289256636e-9	7.015404368537759e-9	7.090558584721407e-9	7.024393289256636e-9	6	2	14522083055399744269	10.0	5.0	0.02	1	0.5555555555555556	true	nothing	9554663035758824981	5.0	0.3	0.02	nothing	0.5555555555555556	0.03333333333333333	0.0022222222222222222
6	32	0.026706860844592617	6.336737801149184e-9	6.336738023193789e-9	6.336738023193789e-9	6.33186980625311e-9	6.343239267181389e-9	6.3367382452383936e-9	6.33186980625311e-9	6.343239267181389e-9	6	2	14522083055399744269	10.0	5.0	0.02	1	0.5555555555555556	true	nothing	9554663035758824981	5.0	0.3	0.02	nothing	0.5555555555555556	0.03333333333333333	0.0022222222222222222
7	32	0.03348462043258149	7.235959942342163e-9	7.235959942342163e-9	7.235959942342163e-9	7.262036305633046e-9	7.244736144329522e-9	7.235959942342163e-9	7.262036305633046e-9	7.244736366374127e-9	6	2	14522083055399744269	10.0	5.0	0.02	1	0.5555555555555556	true	nothing	9554663035758824981	5.0	0.3	0.02	nothing	0.5555555555555556	0.03333333333333333	0.0022222222222222222
8	32	0.025804868010766313	6.727908008485883e-9	6.727908230530488e-9	6.727908230530488e-9	6.733904878153396e-9	6.735843105509787e-9	6.727908008485883e-9	6.733904878153396e-9	6.735843105509787e-9	6	2	14522083055399744269	10.0	5.0	0.02	1	0.5555555555555556	true	nothing	9554663035758824981	5.0	0.3	0.02	nothing	0.5555555555555556	0.03333333333333333	0.0022222222222222222
9	32	0.03285359010982636	7.147739289337096e-9	7.147738845247886e-9	7.147739067292491e-9	7.210130492651956e-9	7.157685222303201e-9	7.147738845247886e-9	7.210130270607351e-9	7.157685222303201e-9	6	2	14522083055399744269	10.0	5.0	0.02	1	0.5555555555555556	true	nothing	9554663035758824981	5.0	0.3	0.02	nothing	0.5555555555555556	0.03333333333333333	0.0022222222222222222
0	64	0.02740462751759709	4.5269910042833317e-10	4.5269910042833317e-10	4.5269910042833317e-10	4.844816769988824e-10	4.530852359962978e-10	4.5269910042833317e-10	4.844821210880923e-10	4.530854580409027e-10	6	2	14522083055399744269	10.0	5.0	0.02	1	0.5555555555555556	true	nothing	9554663035758824981	5.0	0.3	0.02	nothing	0.5555555555555556	0.03333333333333333	0.0022222222222222222
1	64	0.03137195217055233	4.575170242659965e-10	4.575170242659965e-10	4.575170242659965e-10	4.6000214748431745e-10	4.5800441217380694e-10	4.575172463106014e-10	4.600025915735273e-10	4.58004190129202e-10	6	2	14522083055399744269	10.0	5.0	0.02	1	0.5555555555555556	true	nothing	9554663035758824981	5.0	0.3	0.02	nothing	0.5555555555555556	0.03333333333333333	0.0022222222222222222
2	64	0.03199081858071284	4.1688441587695024e-10	4.168841938323453e-10	4.168841938323453e-10	4.259198549405596e-10	4.173439371868426e-10	4.168841938323453e-10	4.259198549405596e-10	4.1734371514223767e-10	6	2	14522083055399744269	10.0	5.0	0.02	1	0.5555555555555556	true	nothing	9554663035758824981	5.0	0.3	0.02	nothing	0.5555555555555556	0.03333333333333333	0.0022222222222222222
3	64	0.02812687646914891	4.129580011280609e-10	4.1295822317266584e-10	4.12957779083456e-10	4.2036329972461317e-10	4.1335623812699396e-10	4.1295844521727076e-10	4.2036329972461317e-10	4.1335623812699396e-10	6	2	14522083055399744269	10.0	5.0	0.02	1	0.5555555555555556	true	nothing	9554663035758824981	5.0	0.3	0.02	nothing	0.5555555555555556	0.03333333333333333	0.0022222222222222222
4	64	0.034256706690381056	3.3424751855193335e-10	3.3424751855193335e-10	3.3424751855193335e-10	3.422500061134315e-10	3.3473768201730536e-10	3.3424729650732843e-10	3.4224978406882656e-10	3.3473768201730536e-10	6	2	14522083055399744269	10.0	5.0	0.02	1	0.5555555555555556	true	nothing	9554663035758824981	5.0	0.3	0.02	nothing	0.5555555555555556	0.03333333333333333	0.0022222222222222222
5	64	0.030841508247599236	4.381750517978844e-10	4.3817460770867456e-10	4.3817460770867456e-10	4.453986068853055e-10	4.386904173259154e-10	4.381750517978844e-10	4.453986068853055e-10	4.386904173259154e-10	6	2	14522083055399744269	10.0	5.0	0.02	1	0.5555555555555556	true	nothing	9554663035758824981	5.0	0.3	0.02	nothing	0.5555555555555556	0.03333333333333333	0.0022222222222222222
6	64	0.026706860844592617	3.956980298980284e-10	3.956982519426333e-10	3.956980298980284e-10	3.9564218567988974e-10	3.960616279385931e-10	3.956980298980284e-10	3.956419636352848e-10	3.960616279385931e-10	6	2	14522083055399744269	10.0	5.0	0.02	1	0.5555555555555556	true	nothing	9554663035758824981	5.0	0.3	0.02	nothing	0.5555555555555556	0.03333333333333333	0.0022222222222222222
7	64	0.03348462043258149	4.5195192033276044e-10	4.5195192033276044e-10	4.519523644219703e-10	4.671527609190207e-10	4.524602914557363e-10	4.5195214237736536e-10	4.671525388744158e-10	4.524602914557363e-10	6	2	14522083055399744269	10.0	5.0	0.02	1	0.5555555555555556	true	nothing	9554663035758824981	5.0	0.3	0.02	nothing	0.5555555555555556	0.03333333333333333	0.0022222222222222222
8	64	0.025804868010766313	4.202035386313696e-10	4.202035386313696e-10	4.2020376067597454e-10	4.4049486280783867e-10	4.2066283789665704e-10	4.202035386313696e-10	4.4049464076323375e-10	4.2066305994126196e-10	6	2	14522083055399744269	10.0	5.0	0.02	1	0.5555555555555556	true	nothing	9554663035758824981	5.0	0.3	0.02	nothing	0.5555555555555556	0.03333333333333333	0.0022222222222222222
9	64	0.03285359010982636	4.4633297058283006e-10	4.463334146720399e-10	4.46333192627435e-10	4.612572546136562e-10	4.469252745664676e-10	4.46333192627435e-10	4.6125703256905126e-10	4.469252745664676e-10	6	2	14522083055399744269	10.0	5.0	0.02	1	0.5555555555555556	true	nothing	9554663035758824981	5.0	0.3	0.02	nothing	0.5555555555555556	0.03333333333333333	0.0022222222222222222
0	128	0.02740462751759709	2.8291480269615477e-11	2.829125822501055e-11	2.829125822501055e-11	3.620403976611897e-11	2.831546108694738e-11	2.8291480269615477e-11	3.620359567690912e-11	2.8315239042342455e-11	6	2	14522083055399744269	10.0	5.0	0.02	1	0.5555555555555556	true	nothing	9554663035758824981	5.0	0.3	0.02	nothing	0.5555555555555556	0.03333333333333333	0.0022222222222222222
1	128	0.03137195217055233	2.860756076472626e-11	2.860756076472626e-11	2.860756076472626e-11	3.20173887402575e-11	2.863809189790345e-11	2.8607338720121334e-11	3.201761078486243e-11	2.8638313942508375e-11	6	2	14522083055399744269	10.0	5.0	0.02	1	0.5555555555555556	true	nothing	9554663035758824981	5.0	0.3	0.02	nothing	0.5555555555555556	0.03333333333333333	0.0022222222222222222
2	128	0.03199081858071284	2.6073809777926726e-11	2.6073809777926726e-11	2.60735877333218e-11	3.049949182098999e-11	2.610267557656698e-11	2.60735877333218e-11	3.049971386559491e-11	2.6102453531962055e-11	6	2	14522083055399744269	10.0	5.0	0.02	1	0.5555555555555556	true	nothing	9554663035758824981	5.0	0.3	0.02	nothing	0.5555555555555556	0.03333333333333333	0.0022222222222222222
3	128	0.02812687646914891	2.5804247627547738e-11	2.5804469672152663e-11	2.5804247627547738e-11	2.989974934308748e-11	2.5829116623299342e-11	2.5804247627547738e-11	2.989974934308748e-11	2.5829116623299342e-11	6	2	14522083055399744269	10.0	5.0	0.02	1	0.5555555555555556	true	nothing	9554663035758824981	5.0	0.3	0.02	nothing	0.5555555555555556	0.03333333333333333	0.0022222222222222222
4	128	0.034256706690381056	2.0904944442179385e-11	2.090516648678431e-11	2.0904944442179385e-11	2.523758979577906e-11	2.0935808642263964e-11	2.0904944442179385e-11	2.5237811840383984e-11	2.093603068686889e-11	6	2	14522083055399744269	10.0	5.0	0.02	1	0.5555555555555556	true	nothing	9554663035758824981	5.0	0.3	0.02	nothing	0.5555555555555556	0.03333333333333333	0.0022222222222222222
5	128	0.030841508247599236	2.7407853764316314e-11	2.740763171971139e-11	2.740763171971139e-11	3.202393905610279e-11	2.743982818742552e-11	2.740763171971139e-11	3.202393905610279e-11	2.7439606142820594e-11	6	2	14522083055399744269	10.0	5.0	0.02	1	0.5555555555555556	true	nothing	9554663035758824981	5.0	0.3	0.02	nothing	0.5555555555555556	0.03333333333333333	0.0022222222222222222
6	128	0.026706860844592617	2.472622107063671e-11	2.4725999026031786e-11	2.4725999026031786e-11	2.8137825403007355e-11	2.474909166494399e-11	2.4726443115241636e-11	2.813804744761228e-11	2.4748869620339065e-11	6	2	14522083055399744269	10.0	5.0	0.02	1	0.5555555555555556	true	nothing	9554663035758824981	5.0	0.3	0.02	nothing	0.5555555555555556	0.03333333333333333	0.0022222222222222222
7	128	0.03348462043258149	2.8269275809122973e-11	2.8269275809122973e-11	2.8269275809122973e-11	3.3433811275074277e-11	2.830091716532479e-11	2.826905376451805e-11	3.34340333196792e-11	2.8301139209929715e-11	6	2	14522083055399744269	10.0	5.0	0.02	1	0.5555555555555556	true	nothing	9554663035758824981	5.0	0.3	0.02	nothing	0.5555555555555556	0.03333333333333333	0.0022222222222222222
8	128	0.025804868010766313	2.6281754550439018e-11	2.6281754550439018e-11	2.6281754550439018e-11	3.270705928315465e-11	2.6310731371381735e-11	2.6281754550439018e-11	3.270705928315465e-11	2.631050932677681e-11	6	2	14522083055399744269	10.0	5.0	0.02	1	0.5555555555555556	true	nothing	9554663035758824981	5.0	0.3	0.02	nothing	0.5555555555555556	0.03333333333333333	0.0022222222222222222
9	128	0.03285359010982636	2.789701802896616e-11	2.789657393975631e-11	2.7896795984361233e-11	3.3820723999156144e-11	2.7933877433383714e-11	2.789657393975631e-11	3.3820723999156144e-11	2.793365538877879e-11	6	2	14522083055399744269	10.0	5.0	0.02	1	0.5555555555555556	true	nothing	9554663035758824981	5.0	0.3	0.02	nothing	0.5555555555555556	0.03333333333333333	0.0022222222222222222
0	256	0.02740462751759709	1.769584478950037e-12	1.769140389740187e-12	1.769140389740187e-12	3.489208921791942e-12	1.7709167465795872e-12	1.769362434345112e-12	3.488986877187017e-12	1.7709167465795872e-12	6	2	14522083055399744269	10.0	5.0	0.02	1	0.5555555555555556	true	nothing	9554663035758824981	5.0	0.3	0.02	nothing	0.5555555555555556	0.03333333333333333	0.0022222222222222222
1	256	0.03137195217055233	1.7934542739794779e-12	1.7932322293745528e-12	1.7932322293745528e-12	3.009703597456337e-12	1.7954526754238032e-12	1.7932322293745528e-12	3.009703597456337e-12	1.7952306308188781e-12	6	2	14522083055399744269	10.0	5.0	0.02	1	0.5555555555555556	true	nothing	9554663035758824981	5.0	0.3	0.02	nothing	0.5555555555555556	0.03333333333333333	0.0022222222222222222
2	256	0.03199081858071284	1.6361356713900932e-12	1.6361356713900932e-12	1.6361356713900932e-12	2.938871368485252e-12	1.6381340728344185e-12	1.6359136267851682e-12	2.939093413090177e-12	1.6381340728344185e-12	6	2	14522083055399744269	10.0	5.0	0.02	1	0.5555555555555556	true	nothing	9554663035758824981	5.0	0.3	0.02	nothing	0.5555555555555556	0.03333333333333333	0.0022222222222222222
3	256	0.02812687646914891	1.6135981439902025e-12	1.6133760993852775e-12	1.6131540547803525e-12	2.9047875216292596e-12	1.6147083670148277e-12	1.6131540547803525e-12	2.9047875216292596e-12	1.6149304116197527e-12	6	2	14522083055399744269	10.0	5.0	0.02	1	0.5555555555555556	true	nothing	9554663035758824981	5.0	0.3	0.02	nothing	0.5555555555555556	0.03333333333333333	0.0022222222222222222
4	256	0.034256706690381056	1.3115064589896974e-12	1.3119505481995475e-12	1.3115064589896974e-12	2.621125538837532e-12	1.3136158827364852e-12	1.3117285035946225e-12	2.621125538837532e-12	1.3136158827364852e-12	6	2	14522083055399744269	10.0	5.0	0.02	1	0.5555555555555556	true	nothing	9554663035758824981	5.0	0.3	0.02	nothing	0.5555555555555556	0.03333333333333333	0.0022222222222222222
5	256	0.030841508247599236	1.7204015989591426e-12	1.7204015989591426e-12	1.7204015989591426e-12	3.2247537973262297e-12	1.7222889781010053e-12	1.7204015989591426e-12	3.2245317527213047e-12	1.7222889781010053e-12	6	2	14522083055399744269	10.0	5.0	0.02	1	0.5555555555555556	true	nothing	9554663035758824981	5.0	0.3	0.02	nothing	0.5555555555555556	0.03333333333333333	0.0022222222222222222
6	256	0.026706860844592617	1.5455414725806804e-12	1.5455414725806804e-12	1.5455414725806804e-12	2.7963187321233818e-12	1.5469847625126931e-12	1.5457635171856055e-12	2.7963187321233818e-12	1.5472068071176182e-12	6	2	14522083055399744269	10.0	5.0	0.02	1	0.5555555555555556	true	nothing	9554663035758824981	5.0	0.3	0.02	nothing	0.5555555555555556	0.03333333333333333	0.0022222222222222222
7	256	0.03348462043258149	1.7745804825608502e-12	1.7748025271657752e-12	1.7745804825608502e-12	3.1670222000457215e-12	1.776689906307638e-12	1.7748025271657752e-12	3.1668001554407965e-12	1.776467861702713e-12	6	2	14522083055399744269	10.0	5.0	0.02	1	0.5555555555555556	true	nothing	9554663035758824981	5.0	0.3	0.02	nothing	0.5555555555555556	0.03333333333333333	0.0022222222222222222
8	256	0.025804868010766313	1.649014258475745e-12	1.64879221387082e-12	1.64923630308067e-12	3.302358386747528e-12	1.6509016376176078e-12	1.649014258475745e-12	3.302580431352453e-12	1.6511236822225328e-12	6	2	14522083055399744269	10.0	5.0	0.02	1	0.5555555555555556	true	nothing	9554663035758824981	5.0	0.3	0.02	nothing	0.5555555555555556	0.03333333333333333	0.0022222222222222222
9	256	0.03285359010982636	1.7460477508279837e-12	1.7458257062230587e-12	1.7456036616181336e-12	3.4490188483005113e-12	1.7479351299698465e-12	1.7458257062230587e-12	3.4490188483005113e-12	1.7479351299698465e-12	6	2	14522083055399744269	10.0	5.0	0.02	1	0.5555555555555556	true	nothing	9554663035758824981	5.0	0.3	0.02	nothing	0.5555555555555556	0.03333333333333333	0.0022222222222222222
0	512	0.02740462751759709	1.1124434706744069e-13	1.1124434706744069e-13	1.1124434706744069e-13	4.973799150320701e-13	1.1157741397482823e-13	1.1124434706744069e-13	4.976019596369952e-13	1.113553693699032e-13	6	2	14522083055399744269	10.0	5.0	0.02	1	0.5555555555555556	true	nothing	9554663035758824981	5.0	0.3	0.02	nothing	0.5555555555555556	0.03333333333333333	0.0022222222222222222
1	512	0.03137195217055233	1.1368683772161603e-13	1.1390888232654106e-13	1.1390888232654106e-13	4.610756221268275e-13	1.141309269314661e-13	1.1390888232654106e-13	4.608535775219025e-13	1.1390888232654106e-13	6	2	14522083055399744269	10.0	5.0	0.02	1	0.5555555555555556	true	nothing	9554663035758824981	5.0	0.3	0.02	nothing	0.5555555555555556	0.03333333333333333	0.0022222222222222222
2	512	0.03199081858071284	1.0436096431476471e-13	1.0436096431476471e-13	1.0436096431476471e-13	4.490852134608758e-13	1.0447198661722723e-13	1.0436096431476471e-13	4.488631688559508e-13	1.0447198661722723e-13	6	2	14522083055399744269	10.0	5.0	0.02	1	0.5555555555555556	true	nothing	9554663035758824981	5.0	0.3	0.02	nothing	0.5555555555555556	0.03333333333333333	0.0022222222222222222
3	512	0.02812687646914891	1.0136336214827679e-13	1.0114131754335176e-13	1.0158540675320182e-13	4.5363712786183896e-13	1.0147438445073931e-13	1.0158540675320182e-13	4.5341508325691393e-13	1.0147438445073931e-13	6	2	14522083055399744269	10.0	5.0	0.02	1	0.5555555555555556	true	nothing	9554663035758824981	5.0	0.3	0.02	nothing	0.5555555555555556	0.03333333333333333	0.0022222222222222222
4	512	0.034256706690381056	8.37108160567368e-14	8.393286066166183e-14	8.393286066166183e-14	4.3209880118411093e-13	8.359979375427429e-14	8.348877145181177e-14	4.3232084578903596e-13	8.359979375427429e-14	6	2	14522083055399744269	10.0	5.0	0.02	1	0.5555555555555556	true	nothing	9554663035758824981	5.0	0.3	0.02	nothing	0.5555555555555556	0.03333333333333333	0.0022222222222222222
5	512	0.030841508247599236	1.0969003483296547e-13	1.0969003483296547e-13	1.0969003483296547e-13	5.261346913698617e-13	1.1013412404281553e-13	1.099120794378905e-13	5.261346913698617e-13	1.099120794378905e-13	6	2	14522083055399744269	10.0	5.0	0.02	1	0.5555555555555556	true	nothing	9554663035758824981	5.0	0.3	0.02	nothing	0.5555555555555556	0.03333333333333333	0.0022222222222222222
6	512	0.026706860844592617	9.681144774731365e-14	9.725553695716371e-14	9.725553695716371e-14	4.5419223937415154e-13	9.725553695716371e-14	9.681144774731365e-14	4.546363285840016e-13	9.725553695716371e-14	6	2	14522083055399744269	10.0	5.0	0.02	1	0.5555555555555556	true	nothing	9554663035758824981	5.0	0.3	0.02	nothing	0.5555555555555556	0.03333333333333333	0.0022222222222222222
7	512	0.03348462043258149	1.1324274851176597e-13	1.1368683772161603e-13	1.1368683772161603e-13	4.704014955336788e-13	1.1368683772161603e-13	1.13464793116691e-13	4.706235401386039e-13	1.1390888232654106e-13	6	2	14522083055399744269	10.0	5.0	0.02	1	0.5555555555555556	true	nothing	9554663035758824981	5.0	0.3	0.02	nothing	0.5555555555555556	0.03333333333333333	0.0022222222222222222
8	512	0.025804868010766313	1.0491607582707729e-13	1.0491607582707729e-13	1.0491607582707729e-13	5.166977956605479e-13	1.0524914273446484e-13	1.0513812043200232e-13	5.171418848703979e-13	1.0524914273446484e-13	6	2	14522083055399744269	10.0	5.0	0.02	1	0.5555555555555556	true	nothing	9554663035758824981	5.0	0.3	0.02	nothing	0.5555555555555556	0.03333333333333333	0.0022222222222222222
9	512	0.03285359010982636	1.1013412404281553e-13	1.1013412404281553e-13	1.1013412404281553e-13	5.591083152012288e-13	1.1046719095020308e-13	1.099120794378905e-13	5.588862705963038e-13	1.1046719095020308e-13	6	2	14522083055399744269	10.0	5.0	0.02	1	0.5555555555555556	true	nothing	9554663035758824981	5.0	0.3	0.02	nothing	0.5555555555555556	0.03333333333333333	0.0022222222222222222
0	1024	0.02740462751759709	7.216449660063518e-15	7.216449660063518e-15	7.216449660063518e-15	9.847678228425139e-14	7.438494264988549e-15	7.438494264988549e-15	9.825473767932635e-14	7.216449660063518e-15	6	2	14522083055399744269	10.0	5.0	0.02	1	0.5555555555555556	true	nothing	9554663035758824981	5.0	0.3	0.02	nothing	0.5555555555555556	0.03333333333333333	0.0022222222222222222
1	1024	0.03137195217055233	8.215650382226158e-15	8.215650382226158e-15	8.215650382226158e-15	1.0014211682118912e-13	8.215650382226158e-15	8.215650382226158e-15	1.0014211682118912e-13	8.43769498715119e-15	6	2	14522083055399744269	10.0	5.0	0.02	1	0.5555555555555556	true	nothing	9554663035758824981	5.0	0.3	0.02	nothing	0.5555555555555556	0.03333333333333333	0.0022222222222222222
2	1024	0.03199081858071284	7.438494264988549e-15	6.994405055138486e-15	7.438494264988549e-15	9.57012247226885e-14	7.438494264988549e-15	7.66053886991358e-15	9.592326932761353e-14	7.66053886991358e-15	6	2	14522083055399744269	10.0	5.0	0.02	1	0.5555555555555556	true	nothing	9554663035758824981	5.0	0.3	0.02	nothing	0.5555555555555556	0.03333333333333333	0.0022222222222222222
3	1024	0.02812687646914891	6.8833827526759706e-15	6.661338147750939e-15	6.8833827526759706e-15	9.825473767932635e-14	6.661338147750939e-15	6.661338147750939e-15	9.825473767932635e-14	6.661338147750939e-15	6	2	14522083055399744269	10.0	5.0	0.02	1	0.5555555555555556	true	nothing	9554663035758824981	5.0	0.3	0.02	nothing	0.5555555555555556	0.03333333333333333	0.0022222222222222222
4	1024	0.034256706690381056	5.995204332975845e-15	6.217248937900877e-15	6.217248937900877e-15	9.50350909079134e-14	6.217248937900877e-15	5.995204332975845e-15	9.50350909079134e-14	5.995204332975845e-15	6	2	14522083055399744269	10.0	5.0	0.02	1	0.5555555555555556	true	nothing	9554663035758824981	5.0	0.3	0.02	nothing	0.5555555555555556	0.03333333333333333	0.0022222222222222222
5	1024	0.030841508247599236	7.993605777301127e-15	7.993605777301127e-15	7.549516567451064e-15	1.170175067954915e-13	7.549516567451064e-15	7.771561172376096e-15	1.170175067954915e-13	7.771561172376096e-15	6	2	14522083055399744269	10.0	5.0	0.02	1	0.5555555555555556	true	nothing	9554663035758824981	5.0	0.3	0.02	nothing	0.5555555555555556	0.03333333333333333	0.0022222222222222222
6	1024	0.026706860844592617	6.439293542825908e-15	6.439293542825908e-15	6.439293542825908e-15	1.0125233984581428e-13	6.439293542825908e-15	6.217248937900877e-15	1.0125233984581428e-13	6.439293542825908e-15	6	2	14522083055399744269	10.0	5.0	0.02	1	0.5555555555555556	true	nothing	9554663035758824981	5.0	0.3	0.02	nothing	0.5555555555555556	0.03333333333333333	0.0022222222222222222
7	1024	0.03348462043258149	8.548717289613705e-15	8.326672684688674e-15	8.548717289613705e-15	9.880984919163893e-14	8.548717289613705e-15	8.104628079763643e-15	9.903189379656396e-14	8.548717289613705e-15	6	2	14522083055399744269	10.0	5.0	0.02	1	0.5555555555555556	true	nothing	9554663035758824981	5.0	0.3	0.02	nothing	0.5555555555555556	0.03333333333333333	0.0022222222222222222
8	1024	0.025804868010766313	7.549516567451064e-15	7.549516567451064e-15	7.327471962526033e-15	1.1002310174035301e-13	7.549516567451064e-15	7.549516567451064e-15	1.0980105713542798e-13	7.549516567451064e-15	6	2	14522083055399744269	10.0	5.0	0.02	1	0.5555555555555556	true	nothing	9554663035758824981	5.0	0.3	0.02	nothing	0.5555555555555556	0.03333333333333333	0.0022222222222222222
9	1024	0.03285359010982636	7.549516567451064e-15	7.327471962526033e-15	7.549516567451064e-15	1.2279066652354231e-13	7.549516567451064e-15	7.549516567451064e-15	1.2256862191861728e-13	7.327471962526033e-15	6	2	14522083055399744269	10.0	5.0	0.02	1	0.5555555555555556	true	nothing	9554663035758824981	5.0	0.3	0.02	nothing	0.5555555555555556	0.03333333333333333	0.0022222222222222222
0	2048	0.02740462751759709	9.992007221626409e-16	5.551115123125783e-16	7.771561172376096e-16	2.3092638912203256e-14	9.992007221626409e-16	9.992007221626409e-16	2.3092638912203256e-14	7.771561172376096e-16	6	2	14522083055399744269	10.0	5.0	0.02	1	0.5555555555555556	true	nothing	9554663035758824981	5.0	0.3	0.02	nothing	0.5555555555555556	0.03333333333333333	0.0022222222222222222
1	2048	0.03137195217055233	1.3322676295501878e-15	1.3322676295501878e-15	1.5543122344752192e-15	2.5091040356528538e-14	1.3322676295501878e-15	1.5543122344752192e-15	2.531308496145357e-14	1.5543122344752192e-15	6	2	14522083055399744269	10.0	5.0	0.02	1	0.5555555555555556	true	nothing	9554663035758824981	5.0	0.3	0.02	nothing	0.5555555555555556	0.03333333333333333	0.0022222222222222222
2	2048	0.03199081858071284	1.2212453270876722e-15	1.2212453270876722e-15	9.992007221626409e-16	2.398081733190338e-14	1.2212453270876722e-15	1.2212453270876722e-15	2.375877272697835e-14	9.992007221626409e-16	6	2	14522083055399744269	10.0	5.0	0.02	1	0.5555555555555556	true	nothing	9554663035758824981	5.0	0.3	0.02	nothing	0.5555555555555556	0.03333333333333333	0.0022222222222222222
3	2048	0.02812687646914891	9.992007221626409e-16	1.2212453270876722e-15	9.992007221626409e-16	2.4202861936828413e-14	9.992007221626409e-16	7.771561172376096e-16	2.398081733190338e-14	9.992007221626409e-16	6	2	14522083055399744269	10.0	5.0	0.02	1	0.5555555555555556	true	nothing	9554663035758824981	5.0	0.3	0.02	nothing	0.5555555555555556	0.03333333333333333	0.0022222222222222222
4	2048	0.034256706690381056	8.881784197001252e-16	8.881784197001252e-16	8.881784197001252e-16	2.3314683517128287e-14	1.1102230246251565e-15	1.1102230246251565e-15	2.3314683517128287e-14	6.661338147750939e-16	6	2	14522083055399744269	10.0	5.0	0.02	1	0.5555555555555556	true	nothing	9554663035758824981	5.0	0.3	0.02	nothing	0.5555555555555556	0.03333333333333333	0.0022222222222222222
5	2048	0.030841508247599236	9.992007221626409e-16	9.992007221626409e-16	1.2212453270876722e-15	2.919886554764162e-14	9.992007221626409e-16	1.2212453270876722e-15	2.919886554764162e-14	1.2212453270876722e-15	6	2	14522083055399744269	10.0	5.0	0.02	1	0.5555555555555556	true	nothing	9554663035758824981	5.0	0.3	0.02	nothing	0.5555555555555556	0.03333333333333333	0.0022222222222222222
6	2048	0.026706860844592617	7.771561172376096e-16	9.992007221626409e-16	9.992007221626409e-16	2.5424107263916085e-14	7.771561172376096e-16	7.771561172376096e-16	2.5424107263916085e-14	7.771561172376096e-16	6	2	14522083055399744269	10.0	5.0	0.02	1	0.5555555555555556	true	nothing	9554663035758824981	5.0	0.3	0.02	nothing	0.5555555555555556	0.03333333333333333	0.0022222222222222222
7	2048	0.03348462043258149	1.2212453270876722e-15	1.4432899320127035e-15	1.4432899320127035e-15	2.453592884421596e-14	1.4432899320127035e-15	1.887379141862766e-15	2.475797344914099e-14	1.4432899320127035e-15	6	2	14522083055399744269	10.0	5.0	0.02	1	0.5555555555555556	true	nothing	9554663035758824981	5.0	0.3	0.02	nothing	0.5555555555555556	0.03333333333333333	0.0022222222222222222
8	2048	0.025804868010766313	9.992007221626409e-16	7.771561172376096e-16	9.992007221626409e-16	2.6645352591003757e-14	9.992007221626409e-16	9.992007221626409e-16	2.6645352591003757e-14	9.992007221626409e-16	6	2	14522083055399744269	10.0	5.0	0.02	1	0.5555555555555556	true	nothing	9554663035758824981	5.0	0.3	0.02	nothing	0.5555555555555556	0.03333333333333333	0.0022222222222222222
9	2048	0.03285359010982636	8.881784197001252e-16	8.881784197001252e-16	1.3322676295501878e-15	3.042011087472929e-14	8.881784197001252e-16	1.1102230246251565e-15	3.042011087472929e-14	1.3322676295501878e-15	6	2	14522083055399744269	10.0	5.0	0.02	1	0.5555555555555556	true	nothing	9554663035758824981	5.0	0.3	0.02	nothing	0.5555555555555556	0.03333333333333333	0.0022222222222222222
0	4096	0.02740462751759709	7.771561172376096e-16	3.3306690738754696e-16	7.771561172376096e-16	6.217248937900877e-15	3.3306690738754696e-16	3.3306690738754696e-16	6.439293542825908e-15	3.3306690738754696e-16	6	2	14522083055399744269	10.0	5.0	0.02	1	0.5555555555555556	true	nothing	9554663035758824981	5.0	0.3	0.02	nothing	0.5555555555555556	0.03333333333333333	0.0022222222222222222
1	4096	0.03137195217055233	7.771561172376096e-16	7.771561172376096e-16	9.992007221626409e-16	6.661338147750939e-15	7.771561172376096e-16	9.992007221626409e-16	6.8833827526759706e-15	9.992007221626409e-16	6	2	14522083055399744269	10.0	5.0	0.02	1	0.5555555555555556	true	nothing	9554663035758824981	5.0	0.3	0.02	nothing	0.5555555555555556	0.03333333333333333	0.0022222222222222222
2	4096	0.03199081858071284	7.771561172376096e-16	7.771561172376096e-16	7.771561172376096e-16	6.5503158452884236e-15	7.771561172376096e-16	7.771561172376096e-16	6.328271240363392e-15	7.771561172376096e-16	6	2	14522083055399744269	10.0	5.0	0.02	1	0.5555555555555556	true	nothing	9554663035758824981	5.0	0.3	0.02	nothing	0.5555555555555556	0.03333333333333333	0.0022222222222222222
3	4096	0.02812687646914891	2.220446049250313e-16	6.661338147750939e-16	4.440892098500626e-16	6.217248937900877e-15	6.661338147750939e-16	4.440892098500626e-16	6.217248937900877e-15	6.661338147750939e-16	6	2	14522083055399744269	10.0	5.0	0.02	1	0.5555555555555556	true	nothing	9554663035758824981	5.0	0.3	0.02	nothing	0.5555555555555556	0.03333333333333333	0.0022222222222222222
4	4096	0.034256706690381056	7.771561172376096e-16	5.551115123125783e-16	3.3306690738754696e-16	5.995204332975845e-15	3.3306690738754696e-16	3.3306690738754696e-16	5.995204332975845e-15	3.3306690738754696e-16	6	2	14522083055399744269	10.0	5.0	0.02	1	0.5555555555555556	true	nothing	9554663035758824981	5.0	0.3	0.02	nothing	0.5555555555555556	0.03333333333333333	0.0022222222222222222
5	4096	0.030841508247599236	7.771561172376096e-16	7.771561172376096e-16	7.771561172376096e-16	7.993605777301127e-15	5.551115123125783e-16	7.771561172376096e-16	7.771561172376096e-15	7.771561172376096e-16	6	2	14522083055399744269	10.0	5.0	0.02	1	0.5555555555555556	true	nothing	9554663035758824981	5.0	0.3	0.02	nothing	0.5555555555555556	0.03333333333333333	0.0022222222222222222
6	4096	0.026706860844592617	1.1102230246251565e-16	5.551115123125783e-16	5.551115123125783e-16	6.8833827526759706e-15	5.551115123125783e-16	5.551115123125783e-16	6.661338147750939e-15	5.551115123125783e-16	6	2	14522083055399744269	10.0	5.0	0.02	1	0.5555555555555556	true	nothing	9554663035758824981	5.0	0.3	0.02	nothing	0.5555555555555556	0.03333333333333333	0.0022222222222222222
7	4096	0.03348462043258149	8.881784197001252e-16	1.3322676295501878e-15	1.1102230246251565e-15	7.105427357601002e-15	1.1102230246251565e-15	1.3322676295501878e-15	6.8833827526759706e-15	1.1102230246251565e-15	6	2	14522083055399744269	10.0	5.0	0.02	1	0.5555555555555556	true	nothing	9554663035758824981	5.0	0.3	0.02	nothing	0.5555555555555556	0.03333333333333333	0.0022222222222222222
8	4096	0.025804868010766313	7.771561172376096e-16	7.771561172376096e-16	3.3306690738754696e-16	6.661338147750939e-15	3.3306690738754696e-16	3.3306690738754696e-16	6.8833827526759706e-15	5.551115123125783e-16	6	2	14522083055399744269	10.0	5.0	0.02	1	0.5555555555555556	true	nothing	9554663035758824981	5.0	0.3	0.02	nothing	0.5555555555555556	0.03333333333333333	0.0022222222222222222
9	4096	0.03285359010982636	5.551115123125783e-16	5.551115123125783e-16	5.551115123125783e-16	8.43769498715119e-15	3.3306690738754696e-16	7.771561172376096e-16	8.215650382226158e-15	5.551115123125783e-16	6	2	14522083055399744269	10.0	5.0	0.02	1	0.5555555555555556	true	nothing	9554663035758824981	5.0	0.3	0.02	nothing	0.5555555555555556	0.03333333333333333	0.0022222222222222222
0	8192	0.02740462751759709	3.3306690738754696e-16	3.3306690738754696e-16	3.3306690738754696e-16	1.887379141862766e-15	3.3306690738754696e-16	5.551115123125783e-16	2.1094237467877974e-15	3.3306690738754696e-16	6	2	14522083055399744269	10.0	5.0	0.02	1	0.5555555555555556	true	nothing	9554663035758824981	5.0	0.3	0.02	nothing	0.5555555555555556	0.03333333333333333	0.0022222222222222222
1	8192	0.03137195217055233	9.992007221626409e-16	7.771561172376096e-16	9.992007221626409e-16	2.55351295663786e-15	7.771561172376096e-16	7.771561172376096e-16	2.3314683517128287e-15	7.771561172376096e-16	6	2	14522083055399744269	10.0	5.0	0.02	1	0.5555555555555556	true	nothing	9554663035758824981	5.0	0.3	0.02	nothing	0.5555555555555556	0.03333333333333333	0.0022222222222222222
2	8192	0.03199081858071284	8.881784197001252e-16	6.661338147750939e-16	6.661338147750939e-16	2.3314683517128287e-15	8.881784197001252e-16	6.661338147750939e-16	2.1094237467877974e-15	8.881784197001252e-16	6	2	14522083055399744269	10.0	5.0	0.02	1	0.5555555555555556	true	nothing	9554663035758824981	5.0	0.3	0.02	nothing	0.5555555555555556	0.03333333333333333	0.0022222222222222222
3	8192	0.02812687646914891	3.3306690738754696e-16	3.3306690738754696e-16	5.551115123125783e-16	1.9984014443252818e-15	3.3306690738754696e-16	3.3306690738754696e-16	1.7763568394002505e-15	3.3306690738754696e-16	6	2	14522083055399744269	10.0	5.0	0.02	1	0.5555555555555556	true	nothing	9554663035758824981	5.0	0.3	0.02	nothing	0.5555555555555556	0.03333333333333333	0.0022222222222222222
4	8192	0.034256706690381056	4.440892098500626e-16	6.661338147750939e-16	8.881784197001252e-16	1.9984014443252818e-15	4.440892098500626e-16	4.440892098500626e-16	1.7763568394002505e-15	6.661338147750939e-16	6	2	14522083055399744269	10.0	5.0	0.02	1	0.5555555555555556	true	nothing	9554663035758824981	5.0	0.3	0.02	nothing	0.5555555555555556	0.03333333333333333	0.0022222222222222222
5	8192	0.030841508247599236	7.771561172376096e-16	3.3306690738754696e-16	3.3306690738754696e-16	2.55351295663786e-15	3.3306690738754696e-16	7.771561172376096e-16	2.3314683517128287e-15	3.3306690738754696e-16	6	2	14522083055399744269	10.0	5.0	0.02	1	0.5555555555555556	true	nothing	9554663035758824981	5.0	0.3	0.02	nothing	0.5555555555555556	0.03333333333333333	0.0022222222222222222
6	8192	0.026706860844592617	6.661338147750939e-16	2.220446049250313e-16	4.440892098500626e-16	1.9984014443252818e-15	6.661338147750939e-16	4.440892098500626e-16	1.9984014443252818e-15	4.440892098500626e-16	6	2	14522083055399744269	10.0	5.0	0.02	1	0.5555555555555556	true	nothing	9554663035758824981	5.0	0.3	0.02	nothing	0.5555555555555556	0.03333333333333333	0.0022222222222222222
7	8192	0.03348462043258149	1.1102230246251565e-15	8.881784197001252e-16	8.881784197001252e-16	2.55351295663786e-15	8.881784197001252e-16	8.881784197001252e-16	2.7755575615628914e-15	8.881784197001252e-16	6	2	14522083055399744269	10.0	5.0	0.02	1	0.5555555555555556	true	nothing	9554663035758824981	5.0	0.3	0.02	nothing	0.5555555555555556	0.03333333333333333	0.0022222222222222222
8	8192	0.025804868010766313	3.3306690738754696e-16	3.3306690738754696e-16	3.3306690738754696e-16	1.9984014443252818e-15	3.3306690738754696e-16	3.3306690738754696e-16	2.220446049250313e-15	3.3306690738754696e-16	6	2	14522083055399744269	10.0	5.0	0.02	1	0.5555555555555556	true	nothing	9554663035758824981	5.0	0.3	0.02	nothing	0.5555555555555556	0.03333333333333333	0.0022222222222222222
9	8192	0.03285359010982636	2.220446049250313e-16	6.661338147750939e-16	6.661338147750939e-16	2.55351295663786e-15	6.661338147750939e-16	6.661338147750939e-16	2.7755575615628914e-15	6.661338147750939e-16	6	2	14522083055399744269	10.0	5.0	0.02	1	0.5555555555555556	true	nothing	9554663035758824981	5.0	0.3	0.02	nothing	0.5555555555555556	0.03333333333333333	0.0022222222222222222
0	16384	0.02740462751759709	3.3306690738754696e-16	1.1102230246251565e-16	5.551115123125783e-16	7.771561172376096e-16	3.3306690738754696e-16	3.3306690738754696e-16	5.551115123125783e-16	3.3306690738754696e-16	6	2	14522083055399744269	10.0	5.0	0.02	1	0.5555555555555556	true	nothing	9554663035758824981	5.0	0.3	0.02	nothing	0.5555555555555556	0.03333333333333333	0.0022222222222222222
1	16384	0.03137195217055233	6.661338147750939e-16	6.661338147750939e-16	6.661338147750939e-16	1.2212453270876722e-15	6.661338147750939e-16	8.881784197001252e-16	1.2212453270876722e-15	1.1102230246251565e-15	6	2	14522083055399744269	10.0	5.0	0.02	1	0.5555555555555556	true	nothing	9554663035758824981	5.0	0.3	0.02	nothing	0.5555555555555556	0.03333333333333333	0.0022222222222222222
2	16384	0.03199081858071284	6.661338147750939e-16	6.661338147750939e-16	6.661338147750939e-16	1.1102230246251565e-15	4.440892098500626e-16	6.661338147750939e-16	1.1102230246251565e-15	8.881784197001252e-16	6	2	14522083055399744269	10.0	5.0	0.02	1	0.5555555555555556	true	nothing	9554663035758824981	5.0	0.3	0.02	nothing	0.5555555555555556	0.03333333333333333	0.0022222222222222222
3	16384	0.02812687646914891	5.551115123125783e-16	5.551115123125783e-16	5.551115123125783e-16	8.881784197001252e-16	3.3306690738754696e-16	5.551115123125783e-16	8.881784197001252e-16	5.551115123125783e-16	6	2	14522083055399744269	10.0	5.0	0.02	1	0.5555555555555556	true	nothing	9554663035758824981	5.0	0.3	0.02	nothing	0.5555555555555556	0.03333333333333333	0.0022222222222222222
4	16384	0.034256706690381056	8.881784197001252e-16	4.440892098500626e-16	4.440892098500626e-16	8.881784197001252e-16	4.440892098500626e-16	6.661338147750939e-16	8.881784197001252e-16	6.661338147750939e-16	6	2	14522083055399744269	10.0	5.0	0.02	1	0.5555555555555556	true	nothing	9554663035758824981	5.0	0.3	0.02	nothing	0.5555555555555556	0.03333333333333333	0.0022222222222222222
5	16384	0.030841508247599236	7.771561172376096e-16	3.3306690738754696e-16	7.771561172376096e-16	7.771561172376096e-16	7.771561172376096e-16	7.771561172376096e-16	9.992007221626409e-16	5.551115123125783e-16	6	2	14522083055399744269	10.0	5.0	0.02	1	0.5555555555555556	true	nothing	9554663035758824981	5.0	0.3	0.02	nothing	0.5555555555555556	0.03333333333333333	0.0022222222222222222
6	16384	0.026706860844592617	6.661338147750939e-16	8.881784197001252e-16	4.440892098500626e-16	1.1102230246251565e-15	4.440892098500626e-16	6.661338147750939e-16	1.1102230246251565e-15	6.661338147750939e-16	6	2	14522083055399744269	10.0	5.0	0.02	1	0.5555555555555556	true	nothing	9554663035758824981	5.0	0.3	0.02	nothing	0.5555555555555556	0.03333333333333333	0.0022222222222222222
7	16384	0.03348462043258149	8.881784197001252e-16	8.881784197001252e-16	8.881784197001252e-16	1.4432899320127035e-15	8.881784197001252e-16	8.881784197001252e-16	1.6653345369377348e-15	8.881784197001252e-16	6	2	14522083055399744269	10.0	5.0	0.02	1	0.5555555555555556	true	nothing	9554663035758824981	5.0	0.3	0.02	nothing	0.5555555555555556	0.03333333333333333	0.0022222222222222222
8	16384	0.025804868010766313	3.3306690738754696e-16	3.3306690738754696e-16	1.1102230246251565e-16	8.881784197001252e-16	5.551115123125783e-16	5.551115123125783e-16	8.881784197001252e-16	5.551115123125783e-16	6	2	14522083055399744269	10.0	5.0	0.02	1	0.5555555555555556	true	nothing	9554663035758824981	5.0	0.3	0.02	nothing	0.5555555555555556	0.03333333333333333	0.0022222222222222222
9	16384	0.03285359010982636	4.440892098500626e-16	2.220446049250313e-16	6.661338147750939e-16	1.3322676295501878e-15	6.661338147750939e-16	8.881784197001252e-16	1.3322676295501878e-15	4.440892098500626e-16	6	2	14522083055399744269	10.0	5.0	0.02	1	0.5555555555555556	true	nothing	9554663035758824981	5.0	0.3	0.02	nothing	0.5555555555555556	0.03333333333333333	0.0022222222222222222
0	32768	0.02740462751759709	3.3306690738754696e-16	3.3306690738754696e-16	3.3306690738754696e-16	5.551115123125783e-16	3.3306690738754696e-16	3.3306690738754696e-16	5.551115123125783e-16	3.3306690738754696e-16	6	2	14522083055399744269	10.0	5.0	0.02	1	0.5555555555555556	true	nothing	9554663035758824981	5.0	0.3	0.02	nothing	0.5555555555555556	0.03333333333333333	0.0022222222222222222
1	32768	0.03137195217055233	8.881784197001252e-16	1.1102230246251565e-15	1.1102230246251565e-15	1.1102230246251565e-15	6.661338147750939e-16	6.661338147750939e-16	1.1102230246251565e-15	8.881784197001252e-16	6	2	14522083055399744269	10.0	5.0	0.02	1	0.5555555555555556	true	nothing	9554663035758824981	5.0	0.3	0.02	nothing	0.5555555555555556	0.03333333333333333	0.0022222222222222222
2	32768	0.03199081858071284	6.661338147750939e-16	4.440892098500626e-16	8.881784197001252e-16	8.881784197001252e-16	4.440892098500626e-16	6.661338147750939e-16	8.881784197001252e-16	8.881784197001252e-16	6	2	14522083055399744269	10.0	5.0	0.02	1	0.5555555555555556	true	nothing	9554663035758824981	5.0	0.3	0.02	nothing	0.5555555555555556	0.03333333333333333	0.0022222222222222222
3	32768	0.02812687646914891	5.551115123125783e-16	3.3306690738754696e-16	5.551115123125783e-16	5.551115123125783e-16	3.3306690738754696e-16	7.771561172376096e-16	3.3306690738754696e-16	3.3306690738754696e-16	6	2	14522083055399744269	10.0	5.0	0.02	1	0.5555555555555556	true	nothing	9554663035758824981	5.0	0.3	0.02	nothing	0.5555555555555556	0.03333333333333333	0.0022222222222222222
4	32768	0.034256706690381056	4.440892098500626e-16	6.661338147750939e-16	4.440892098500626e-16	4.440892098500626e-16	6.661338147750939e-16	4.440892098500626e-16	8.881784197001252e-16	6.661338147750939e-16	6	2	14522083055399744269	10.0	5.0	0.02	1	0.5555555555555556	true	nothing	9554663035758824981	5.0	0.3	0.02	nothing	0.5555555555555556	0.03333333333333333	0.0022222222222222222
5	32768	0.030841508247599236	5.551115123125783e-16	3.3306690738754696e-16	7.771561172376096e-16	9.992007221626409e-16	7.771561172376096e-16	3.3306690738754696e-16	7.771561172376096e-16	7.771561172376096e-16	6	2	14522083055399744269	10.0	5.0	0.02	1	0.5555555555555556	true	nothing	9554663035758824981	5.0	0.3	0.02	nothing	0.5555555555555556	0.03333333333333333	0.0022222222222222222
6	32768	0.026706860844592617	2.220446049250313e-16	2.220446049250313e-16	6.661338147750939e-16	6.661338147750939e-16	4.440892098500626e-16	6.661338147750939e-16	6.661338147750939e-16	4.440892098500626e-16	6	2	14522083055399744269	10.0	5.0	0.02	1	0.5555555555555556	true	nothing	9554663035758824981	5.0	0.3	0.02	nothing	0.5555555555555556	0.03333333333333333	0.0022222222222222222
7	32768	0.03348462043258149	1.1102230246251565e-15	6.661338147750939e-16	1.1102230246251565e-15	9.992007221626409e-16	8.881784197001252e-16	8.881784197001252e-16	9.992007221626409e-16	8.881784197001252e-16	6	2	14522083055399744269	10.0	5.0	0.02	1	0.5555555555555556	true	nothing	9554663035758824981	5.0	0.3	0.02	nothing	0.5555555555555556	0.03333333333333333	0.0022222222222222222
8	32768	0.025804868010766313	3.3306690738754696e-16	5.551115123125783e-16	3.3306690738754696e-16	6.661338147750939e-16	5.551115123125783e-16	3.3306690738754696e-16	4.440892098500626e-16	3.3306690738754696e-16	6	2	14522083055399744269	10.0	5.0	0.02	1	0.5555555555555556	true	nothing	9554663035758824981	5.0	0.3	0.02	nothing	0.5555555555555556	0.03333333333333333	0.0022222222222222222
9	32768	0.03285359010982636	6.661338147750939e-16	6.661338147750939e-16	6.661338147750939e-16	6.661338147750939e-16	8.881784197001252e-16	6.661338147750939e-16	6.661338147750939e-16	4.440892098500626e-16	6	2	14522083055399744269	10.0	5.0	0.02	1	0.5555555555555556	true	nothing	9554663035758824981	5.0	0.3	0.02	nothing	0.5555555555555556	0.03333333333333333	0.0022222222222222222
